Review,Category
Excellent build and finish.,Home Appliances
Cools the room in minutes.,Home Appliances
Charger stopped working in two weeks.,Electronics
Stopped working after a month.,Home Appliances
Color faded after one wash.,Clothing
Stopped working after a month.,Home Appliances
Camera quality exceeds expectations.,Electronics
Very stylish and elegant.,Clothing
Easy to connect with Bluetooth devices.,Electronics
Cools the room in minutes.,Home Appliances
Fits perfectly and very comfortable.,Clothing
Connectivity issues with WiFi.,Electronics
Good stitching and material.,Clothing
Fabric quality is top-tier.,Clothing
Battery life is amazing for this price point.,Electronics
The device overheats quickly.,Electronics
Cools the room in minutes.,Home Appliances
Very stylish and elegant.,Clothing
Sound quality is superb and clear.,Electronics
The device overheats quickly.,Electronics
Stopped working after a month.,Home Appliances
Connectivity issues with WiFi.,Electronics
Excellent build and finish.,Home Appliances
Makes too much noise while operating.,Home Appliances
Very stylish and elegant.,Clothing
Charger stopped working in two weeks.,Electronics
Perfect for small kitchens.,Home Appliances
Battery life is amazing for this price point.,Electronics
Great choice for a party dress.,Clothing
Fabric quality is top-tier.,Clothing
User manual is unclear.,Home Appliances
Easy to connect with Bluetooth devices.,Electronics
Makes too much noise while operating.,Home Appliances
Too tight despite ordering my size.,Clothing
User manual is unclear.,Home Appliances
Very stylish and elegant.,Clothing
Great choice for a party dress.,Clothing
Stopped working after a month.,Home Appliances
Perfect for gaming and multitasking.,Electronics
Cools the room in minutes.,Home Appliances
Sound quality is superb and clear.,Electronics
Perfect for small kitchens.,Home Appliances
Easy to connect with Bluetooth devices.,Electronics
Very stylish and elegant.,Clothing
Too tight despite ordering my size.,Clothing
Charger stopped working in two weeks.,Electronics
Perfect for gaming and multitasking.,Electronics
Good stitching and material.,Clothing
Great choice for a party dress.,Clothing
Fabric quality is top-tier.,Clothing
Great choice for a party dress.,Clothing
Excellent build and finish.,Home Appliances
Stopped working after a month.,Home Appliances
Energy-efficient and compact design.,Home Appliances
User manual is unclear.,Home Appliances
Not suitable for summer wear.,Clothing
Great value for a smartphone.,Electronics
Easy to install and operate.,Home Appliances
Great choice for a party dress.,Clothing
Battery life is amazing for this price point.,Electronics
Great value for a smartphone.,Electronics
Camera quality exceeds expectations.,Electronics
Perfect for small kitchens.,Home Appliances
Fits perfectly and very comfortable.,Clothing
Disappointed with the delivery packaging.,Clothing
Timer function is very useful.,Home Appliances
Connectivity issues with WiFi.,Electronics
Energy-efficient and compact design.,Home Appliances
Good stitching and material.,Clothing
Stopped working after a month.,Home Appliances
Disappointed with the delivery packaging.,Clothing
Easy to connect with Bluetooth devices.,Electronics
Fits perfectly and very comfortable.,Clothing
The device overheats quickly.,Electronics
Disappointed with the delivery packaging.,Clothing
Good stitching and material.,Clothing
Disappointed with the delivery packaging.,Clothing
Makes too much noise while operating.,Home Appliances
Battery life is amazing for this price point.,Electronics
Fits perfectly and very comfortable.,Clothing
Excellent build and finish.,Home Appliances
Makes too much noise while operating.,Home Appliances
Fits perfectly and very comfortable.,Clothing
User manual is unclear.,Home Appliances
Easy to install and operate.,Home Appliances
Excellent build and finish.,Home Appliances
Fabric quality is top-tier.,Clothing
Very stylish and elegant.,Clothing
Battery life is amazing for this price point.,Electronics
Doesnâ€™t clean dishes properly.,Home Appliances
Cools the room in minutes.,Home Appliances
Perfect for small kitchens.,Home Appliances
Energy-efficient and compact design.,Home Appliances
Connectivity issues with WiFi.,Electronics
Not suitable for summer wear.,Clothing
Energy-efficient and compact design.,Home Appliances
Not suitable for summer wear.,Clothing
Great choice for a party dress.,Clothing
Display resolution is top-notch.,Electronics
Very stylish and elegant.,Clothing
